cluster;total_img;predominant_category;success_percent;homogeneity_k;entropy_k;category_llava;count
0;74;HERITAGE AND CULTURE;98.64864864864865;0.9864864864864865;0.10327508457163545;HERITAGE AND CULTURE;73
0;74;HERITAGE AND CULTURE;98.64864864864865;0.9864864864864865;0.10327508457163545;VEHICLE;1
1;39;ROADS;64.1025641025641;0.6410256410256411;1.7251126740793872;HERITAGE AND CULTURE;3
1;39;ROADS;64.1025641025641;0.6410256410256411;1.7251126740793872;LANDFORMS;4
1;39;ROADS;64.1025641025641;0.6410256410256411;1.7251126740793872;NOT VALID;2
1;39;ROADS;64.1025641025641;0.6410256410256411;1.7251126740793872;ROADS;25
1;39;ROADS;64.1025641025641;0.6410256410256411;1.7251126740793872;VEGETATION AND HABITATS;1
1;39;ROADS;64.1025641025641;0.6410256410256411;1.7251126740793872;VEHICLE;4
2;71;NOT VALID;42.25352112676056;0.4225352112676056;1.8333396018249157;ANIMALS;8
2;71;NOT VALID;42.25352112676056;0.4225352112676056;1.8333396018249157;NOT VALID;30
2;71;NOT VALID;42.25352112676056;0.4225352112676056;1.8333396018249157;PLANTS;12
2;71;NOT VALID;42.25352112676056;0.4225352112676056;1.8333396018249157;VEGETATION AND HABITATS;21
3;32;HERITAGE AND CULTURE;96.875;0.96875;0.20062232431271465;HERITAGE AND CULTURE;31
3;32;HERITAGE AND CULTURE;96.875;0.96875;0.20062232431271465;PLANTS;1
4;24;HERITAGE AND CULTURE;100.0;1.0;0.0;HERITAGE AND CULTURE;24
5;12;HERITAGE AND CULTURE;100.0;1.0;0.0;HERITAGE AND CULTURE;12
6;82;NOT VALID;68.29268292682927;0.6829268292682927;1.3249009571447006;ANIMALS;19
6;82;NOT VALID;68.29268292682927;0.6829268292682927;1.3249009571447006;HERITAGE AND CULTURE;1
6;82;NOT VALID;68.29268292682927;0.6829268292682927;1.3249009571447006;NOT VALID;56
6;82;NOT VALID;68.29268292682927;0.6829268292682927;1.3249009571447006;PLANTS;3
6;82;NOT VALID;68.29268292682927;0.6829268292682927;1.3249009571447006;VEGETATION AND HABITATS;2
6;82;NOT VALID;68.29268292682927;0.6829268292682927;1.3249009571447006;VEHICLE;1
7;46;HERITAGE AND CULTURE;100.0;1.0;0.0;HERITAGE AND CULTURE;46
8;49;ANIMALS;67.3469387755102;0.673469387755102;1.4111428860916184;ANIMALS;33
8;49;ANIMALS;67.3469387755102;0.673469387755102;1.4111428860916184;LANDFORMS;1
8;49;ANIMALS;67.3469387755102;0.673469387755102;1.4111428860916184;NOT VALID;8
8;49;ANIMALS;67.3469387755102;0.673469387755102;1.4111428860916184;PLANTS;1
8;49;ANIMALS;67.3469387755102;0.673469387755102;1.4111428860916184;VEGETATION AND HABITATS;6
9;59;HERITAGE AND CULTURE;100.0;1.0;0.0;HERITAGE AND CULTURE;59
10;46;PLANTS;97.82608695652173;0.9782608695652174;0.15109697051711368;PLANTS;45
10;46;PLANTS;97.82608695652173;0.9782608695652174;0.15109697051711368;VEGETATION AND HABITATS;1
11;57;HERITAGE AND CULTURE;82.45614035087719;0.8245614035087719;0.9720886803252862;HERITAGE AND CULTURE;47
11;57;HERITAGE AND CULTURE;82.45614035087719;0.8245614035087719;0.9720886803252862;NOT VALID;1
11;57;HERITAGE AND CULTURE;82.45614035087719;0.8245614035087719;0.9720886803252862;PLANTS;4
11;57;HERITAGE AND CULTURE;82.45614035087719;0.8245614035087719;0.9720886803252862;TOWNS AND VILLAGES;1
11;57;HERITAGE AND CULTURE;82.45614035087719;0.8245614035087719;0.9720886803252862;VEGETATION AND HABITATS;4
12;21;PLANTS;95.23809523809523;0.9523809523809523;0.2761954276479391;PLANTS;20
12;21;PLANTS;95.23809523809523;0.9523809523809523;0.2761954276479391;VEGETATION AND HABITATS;1
13;68;NOT VALID;58.82352941176471;0.5882352941176471;1.350447082957642;NOT VALID;40
13;68;NOT VALID;58.82352941176471;0.5882352941176471;1.350447082957642;PLANTS;19
13;68;NOT VALID;58.82352941176471;0.5882352941176471;1.350447082957642;VEGETATION AND HABITATS;9
14;71;NOT VALID;43.66197183098591;0.43661971830985913;1.8108232148732508;ANIMALS;17
14;71;NOT VALID;43.66197183098591;0.43661971830985913;1.8108232148732508;NOT VALID;31
14;71;NOT VALID;43.66197183098591;0.43661971830985913;1.8108232148732508;PLANTS;6
14;71;NOT VALID;43.66197183098591;0.43661971830985913;1.8108232148732508;VEGETATION AND HABITATS;17
15;78;NOT VALID;50.0;0.5;1.4956321302677145;ANIMALS;30
15;78;NOT VALID;50.0;0.5;1.4956321302677145;NOT VALID;39
15;78;NOT VALID;50.0;0.5;1.4956321302677145;PLANTS;3
15;78;NOT VALID;50.0;0.5;1.4956321302677145;VEGETATION AND HABITATS;6
16;47;HERITAGE AND CULTURE;87.2340425531915;0.8723404255319149;0.7107668902022877;HERITAGE AND CULTURE;41
16;47;HERITAGE AND CULTURE;87.2340425531915;0.8723404255319149;0.7107668902022877;NOT VALID;4
16;47;HERITAGE AND CULTURE;87.2340425531915;0.8723404255319149;0.7107668902022877;ROADS;1
16;47;HERITAGE AND CULTURE;87.2340425531915;0.8723404255319149;0.7107668902022877;VEGETATION AND HABITATS;1
17;58;PLANTS;87.93103448275862;0.8793103448275862;0.531340014180167;PLANTS;51
17;58;PLANTS;87.93103448275862;0.8793103448275862;0.531340014180167;VEGETATION AND HABITATS;7
18;114;HERITAGE AND CULTURE;88.59649122807018;0.8859649122807017;0.556583788142065;HERITAGE AND CULTURE;101
18;114;HERITAGE AND CULTURE;88.59649122807018;0.8859649122807017;0.556583788142065;TOWNS AND VILLAGES;12
18;114;HERITAGE AND CULTURE;88.59649122807018;0.8859649122807017;0.556583788142065;VEHICLE;1
19;71;NOT VALID;54.929577464788736;0.5492957746478874;0.9929768866085175;ANIMALS;32
19;71;NOT VALID;54.929577464788736;0.5492957746478874;0.9929768866085175;NOT VALID;39
20;26;HERITAGE AND CULTURE;100.0;1.0;0.0;HERITAGE AND CULTURE;26
21;84;NOT VALID;78.57142857142857;0.7857142857142857;0.9900481880685749;ANIMALS;3
21;84;NOT VALID;78.57142857142857;0.7857142857142857;0.9900481880685749;NOT VALID;66
21;84;NOT VALID;78.57142857142857;0.7857142857142857;0.9900481880685749;PLANTS;13
21;84;NOT VALID;78.57142857142857;0.7857142857142857;0.9900481880685749;VEGETATION AND HABITATS;2
22;34;HERITAGE AND CULTURE;97.05882352941177;0.9705882352941176;0.19143325481419346;HERITAGE AND CULTURE;33
22;34;HERITAGE AND CULTURE;97.05882352941177;0.9705882352941176;0.19143325481419346;NOT VALID;1
23;30;HERITAGE AND CULTURE;100.0;1.0;0.0;HERITAGE AND CULTURE;30
24;42;HERITAGE AND CULTURE;100.0;1.0;0.0;HERITAGE AND CULTURE;42
25;58;HERITAGE AND CULTURE;65.51724137931035;0.6551724137931034;0.9293636260137188;HERITAGE AND CULTURE;38
25;58;HERITAGE AND CULTURE;65.51724137931035;0.6551724137931034;0.9293636260137188;NOT VALID;20
26;33;ANIMALS;57.57575757575758;0.5757575757575758;1.5195376578473947;ANIMALS;19
26;33;ANIMALS;57.57575757575758;0.5757575757575758;1.5195376578473947;NOT VALID;5
26;33;ANIMALS;57.57575757575758;0.5757575757575758;1.5195376578473947;PLANTS;1
26;33;ANIMALS;57.57575757575758;0.5757575757575758;1.5195376578473947;VEGETATION AND HABITATS;8
27;57;ANIMALS;42.10526315789473;0.42105263157894735;1.7002237262558646;ANIMALS;24
27;57;ANIMALS;42.10526315789473;0.42105263157894735;1.7002237262558646;NOT VALID;21
27;57;ANIMALS;42.10526315789473;0.42105263157894735;1.7002237262558646;PLANTS;3
27;57;ANIMALS;42.10526315789473;0.42105263157894735;1.7002237262558646;VEGETATION AND HABITATS;9
28;32;VEHICLE;100.0;1.0;0.0;VEHICLE;32
29;30;NOT VALID;80.0;0.8;1.0137576782928113;ANIMALS;2
29;30;NOT VALID;80.0;0.8;1.0137576782928113;NOT VALID;24
29;30;NOT VALID;80.0;0.8;1.0137576782928113;PLANTS;1
29;30;NOT VALID;80.0;0.8;1.0137576782928113;VEGETATION AND HABITATS;3
30;49;AIR ACTIVITIES;95.91836734693877;0.9591836734693877;0.28683890475094387;AIR ACTIVITIES;47
30;49;AIR ACTIVITIES;95.91836734693877;0.9591836734693877;0.28683890475094387;HERITAGE AND CULTURE;1
30;49;AIR ACTIVITIES;95.91836734693877;0.9591836734693877;0.28683890475094387;NOT VALID;1
31;114;HERITAGE AND CULTURE;69.2982456140351;0.6929824561403509;1.600389159639296;ACCOMMODATION;1
31;114;HERITAGE AND CULTURE;69.2982456140351;0.6929824561403509;1.600389159639296;BRIDGES;2
31;114;HERITAGE AND CULTURE;69.2982456140351;0.6929824561403509;1.600389159639296;HERITAGE AND CULTURE;79
31;114;HERITAGE AND CULTURE;69.2982456140351;0.6929824561403509;1.600389159639296;LANDFORMS;17
31;114;HERITAGE AND CULTURE;69.2982456140351;0.6929824561403509;1.600389159639296;NOT VALID;3
31;114;HERITAGE AND CULTURE;69.2982456140351;0.6929824561403509;1.600389159639296;TERRESTRIAL ACTIVITIES;6
31;114;HERITAGE AND CULTURE;69.2982456140351;0.6929824561403509;1.600389159639296;TRACKS AND TRAILS;3
31;114;HERITAGE AND CULTURE;69.2982456140351;0.6929824561403509;1.600389159639296;VEGETATION AND HABITATS;2
31;114;HERITAGE AND CULTURE;69.2982456140351;0.6929824561403509;1.600389159639296;WINTER ACTIVITIES;1
32;12;HERITAGE AND CULTURE;91.66666666666666;0.9166666666666666;0.4138168503036338;HERITAGE AND CULTURE;11
32;12;HERITAGE AND CULTURE;91.66666666666666;0.9166666666666666;0.4138168503036338;NOT VALID;1
33;59;NOT VALID;72.88135593220339;0.7288135593220338;1.249941617968787;ANIMALS;4
33;59;NOT VALID;72.88135593220339;0.7288135593220338;1.249941617968787;NOT VALID;43
33;59;NOT VALID;72.88135593220339;0.7288135593220338;1.249941617968787;PLANTS;8
33;59;NOT VALID;72.88135593220339;0.7288135593220338;1.249941617968787;VEGETATION AND HABITATS;4
34;24;NOT VALID;50.0;0.5;1.6037593748197108;HERITAGE AND CULTURE;9
34;24;NOT VALID;50.0;0.5;1.6037593748197108;NOT VALID;12
34;24;NOT VALID;50.0;0.5;1.6037593748197108;ROADS;1
34;24;NOT VALID;50.0;0.5;1.6037593748197108;VEGETATION AND HABITATS;1
34;24;NOT VALID;50.0;0.5;1.6037593748197108;WIND FARM;1
35;55;HERITAGE AND CULTURE;89.0909090909091;0.8909090909090909;0.49716776141607527;HERITAGE AND CULTURE;49
35;55;HERITAGE AND CULTURE;89.0909090909091;0.8909090909090909;0.49716776141607527;NOT VALID;6
36;12;HERITAGE AND CULTURE;100.0;1.0;0.0;HERITAGE AND CULTURE;12
37;27;HERITAGE AND CULTURE;88.88888888888889;0.8888888888888888;0.5032583347756457;HERITAGE AND CULTURE;24
37;27;HERITAGE AND CULTURE;88.88888888888889;0.8888888888888888;0.5032583347756457;VEGETATION AND HABITATS;3
38;50;PLANTS;60.0;0.6;1.370950594454669;NOT VALID;10
38;50;PLANTS;60.0;0.6;1.370950594454669;PLANTS;30
38;50;PLANTS;60.0;0.6;1.370950594454669;VEGETATION AND HABITATS;10
39;47;HERITAGE AND CULTURE;82.97872340425532;0.8297872340425532;0.7507128731663414;COMMERCE FACILITIES;7
39;47;HERITAGE AND CULTURE;82.97872340425532;0.8297872340425532;0.7507128731663414;HERITAGE AND CULTURE;39
39;47;HERITAGE AND CULTURE;82.97872340425532;0.8297872340425532;0.7507128731663414;VEHICLE;1
40;35;PLANTS;68.57142857142857;0.6857142857142857;1.3923119449600745;ANIMALS;3
40;35;PLANTS;68.57142857142857;0.6857142857142857;1.3923119449600745;NOT VALID;4
40;35;PLANTS;68.57142857142857;0.6857142857142857;1.3923119449600745;PLANTS;24
40;35;PLANTS;68.57142857142857;0.6857142857142857;1.3923119449600745;VEGETATION AND HABITATS;4
41;26;PLANTS;76.92307692307693;0.7692307692307693;1.0681873374585058;HERITAGE AND CULTURE;1
41;26;PLANTS;76.92307692307693;0.7692307692307693;1.0681873374585058;NOT VALID;1
41;26;PLANTS;76.92307692307693;0.7692307692307693;1.0681873374585058;PLANTS;20
41;26;PLANTS;76.92307692307693;0.7692307692307693;1.0681873374585058;VEGETATION AND HABITATS;4
42;7;HERITAGE AND CULTURE;71.42857142857143;0.7142857142857143;0.8631205685666311;HERITAGE AND CULTURE;5
42;7;HERITAGE AND CULTURE;71.42857142857143;0.7142857142857143;0.8631205685666311;NOT VALID;2
43;41;HERITAGE AND CULTURE;100.0;1.0;0.0;HERITAGE AND CULTURE;41
44;64;HERITAGE AND CULTURE;98.4375;0.984375;0.11611507530476971;HERITAGE AND CULTURE;63
44;64;HERITAGE AND CULTURE;98.4375;0.984375;0.11611507530476971;VEGETATION AND HABITATS;1
45;25;PLANTS;96.0;0.96;0.24229218908241482;PLANTS;24
45;25;PLANTS;96.0;0.96;0.24229218908241482;VEGETATION AND HABITATS;1
46;49;HERITAGE AND CULTURE;93.87755102040816;0.9387755102040817;0.38850882414331855;HERITAGE AND CULTURE;46
46;49;HERITAGE AND CULTURE;93.87755102040816;0.9387755102040817;0.38850882414331855;NOT VALID;2
46;49;HERITAGE AND CULTURE;93.87755102040816;0.9387755102040817;0.38850882414331855;PLANTS;1
47;22;AIR ACTIVITIES;100.0;1.0;0.0;AIR ACTIVITIES;22
48;23;NOT VALID;56.52173913043478;0.5652173913043478;1.4906401825684295;ANIMALS;7
48;23;NOT VALID;56.52173913043478;0.5652173913043478;1.4906401825684295;NOT VALID;13
48;23;NOT VALID;56.52173913043478;0.5652173913043478;1.4906401825684295;PLANTS;2
48;23;NOT VALID;56.52173913043478;0.5652173913043478;1.4906401825684295;VEGETATION AND HABITATS;1
49;34;HERITAGE AND CULTURE;100.0;1.0;0.0;HERITAGE AND CULTURE;34
50;62;HERITAGE AND CULTURE;75.80645161290323;0.7580645161290323;0.7982441335646697;HERITAGE AND CULTURE;47
50;62;HERITAGE AND CULTURE;75.80645161290323;0.7580645161290323;0.7982441335646697;NOT VALID;15
51;43;HERITAGE AND CULTURE;88.37209302325581;0.8837209302325582;0.6025148591007898;ACCOMMODATION;1
51;43;HERITAGE AND CULTURE;88.37209302325581;0.8837209302325582;0.6025148591007898;HERITAGE AND CULTURE;38
51;43;HERITAGE AND CULTURE;88.37209302325581;0.8837209302325582;0.6025148591007898;NOT VALID;4
52;35;HERITAGE AND CULTURE;68.57142857142857;0.6857142857142857;1.1637405163886458;HERITAGE AND CULTURE;24
52;35;HERITAGE AND CULTURE;68.57142857142857;0.6857142857142857;1.1637405163886458;NOT VALID;3
52;35;HERITAGE AND CULTURE;68.57142857142857;0.6857142857142857;1.1637405163886458;VEGETATION AND HABITATS;8
53;38;HERITAGE AND CULTURE;97.36842105263158;0.9736842105263158;0.17556502585750278;HERITAGE AND CULTURE;37
53;38;HERITAGE AND CULTURE;97.36842105263158;0.9736842105263158;0.17556502585750278;VEHICLE;1
54;24;NOT VALID;62.5;0.625;1.2410106928656977;ANIMALS;7
54;24;NOT VALID;62.5;0.625;1.2410106928656977;NOT VALID;15
54;24;NOT VALID;62.5;0.625;1.2410106928656977;VEGETATION AND HABITATS;2
55;8;ANIMALS;75.0;0.75;1.061278124459133;ANIMALS;6
55;8;ANIMALS;75.0;0.75;1.061278124459133;NOT VALID;1
55;8;ANIMALS;75.0;0.75;1.061278124459133;VEGETATION AND HABITATS;1
56;36;HERITAGE AND CULTURE;94.44444444444444;0.9444444444444444;0.3095434291503252;HERITAGE AND CULTURE;34
56;36;HERITAGE AND CULTURE;94.44444444444444;0.9444444444444444;0.3095434291503252;NOT VALID;2
57;12;NOT VALID;50.0;0.5;1.6258145836939113;ANIMALS;1
57;12;NOT VALID;50.0;0.5;1.6258145836939113;NOT VALID;6
57;12;NOT VALID;50.0;0.5;1.6258145836939113;PLANTS;1
57;12;NOT VALID;50.0;0.5;1.6258145836939113;VEGETATION AND HABITATS;4
58;49;NOT VALID;77.55102040816327;0.7755102040816326;1.1213193744617445;ANIMALS;4
58;49;NOT VALID;77.55102040816327;0.7755102040816326;1.1213193744617445;NOT VALID;38
58;49;NOT VALID;77.55102040816327;0.7755102040816326;1.1213193744617445;PLANTS;4
58;49;NOT VALID;77.55102040816327;0.7755102040816326;1.1213193744617445;VEGETATION AND HABITATS;3
59;61;HERITAGE AND CULTURE;63.934426229508205;0.639344262295082;1.624835508897173;HERITAGE AND CULTURE;39
59;61;HERITAGE AND CULTURE;63.934426229508205;0.639344262295082;1.624835508897173;NOT VALID;9
59;61;HERITAGE AND CULTURE;63.934426229508205;0.639344262295082;1.624835508897173;ROADS;2
59;61;HERITAGE AND CULTURE;63.934426229508205;0.639344262295082;1.624835508897173;TOWNS AND VILLAGES;8
59;61;HERITAGE AND CULTURE;63.934426229508205;0.639344262295082;1.624835508897173;VEGETATION AND HABITATS;1
59;61;HERITAGE AND CULTURE;63.934426229508205;0.639344262295082;1.624835508897173;VEHICLE;2
60;10;ANIMALS;50.0;0.5;1.4854752972273346;ANIMALS;5
60;10;ANIMALS;50.0;0.5;1.4854752972273346;NOT VALID;3
60;10;ANIMALS;50.0;0.5;1.4854752972273346;VEGETATION AND HABITATS;2
61;5;ANIMALS;80.0;0.8;0.7219280948873623;ANIMALS;4
61;5;ANIMALS;80.0;0.8;0.7219280948873623;NOT VALID;1
62;43;HERITAGE AND CULTURE;97.67441860465115;0.9767441860465116;0.15935006268563445;HERITAGE AND CULTURE;42
62;43;HERITAGE AND CULTURE;97.67441860465115;0.9767441860465116;0.15935006268563445;NOT VALID;1
63;32;NOT VALID;56.25;0.5625;1.2475562489182657;ANIMALS;12
63;32;NOT VALID;56.25;0.5625;1.2475562489182657;NOT VALID;18
63;32;NOT VALID;56.25;0.5625;1.2475562489182657;VEGETATION AND HABITATS;2
64;19;PLANTS;100.0;1.0;0.0;PLANTS;19
65;11;VEGETATION AND HABITATS;45.45454545454545;0.45454545454545453;1.971747257128181;ANIMALS;3
65;11;VEGETATION AND HABITATS;45.45454545454545;0.45454545454545453;1.971747257128181;HERITAGE AND CULTURE;1
65;11;VEGETATION AND HABITATS;45.45454545454545;0.45454545454545453;1.971747257128181;LANDFORMS;1
65;11;VEGETATION AND HABITATS;45.45454545454545;0.45454545454545453;1.971747257128181;NOT VALID;1
65;11;VEGETATION AND HABITATS;45.45454545454545;0.45454545454545453;1.971747257128181;VEGETATION AND HABITATS;5
66;56;HERITAGE AND CULTURE;62.5;0.625;0.954434002924965;HERITAGE AND CULTURE;35
66;56;HERITAGE AND CULTURE;62.5;0.625;0.954434002924965;NOT VALID;21
67;58;HERITAGE AND CULTURE;100.0;1.0;0.0;HERITAGE AND CULTURE;58
68;11;NOT VALID;36.36363636363637;0.36363636363636365;1.9362600275315274;ANIMALS;2
68;11;NOT VALID;36.36363636363637;0.36363636363636365;1.9362600275315274;NOT VALID;4
68;11;NOT VALID;36.36363636363637;0.36363636363636365;1.9362600275315274;PLANTS;3
68;11;NOT VALID;36.36363636363637;0.36363636363636365;1.9362600275315274;VEGETATION AND HABITATS;2
69;45;NOT VALID;40.0;0.4;1.541524223527652;HERITAGE AND CULTURE;17
69;45;NOT VALID;40.0;0.4;1.541524223527652;NOT VALID;18
69;45;NOT VALID;40.0;0.4;1.541524223527652;VEGETATION AND HABITATS;10
70;46;VEGETATION AND HABITATS;34.78260869565217;0.34782608695652173;2.0327461433360376;HERITAGE AND CULTURE;10
70;46;VEGETATION AND HABITATS;34.78260869565217;0.34782608695652173;2.0327461433360376;LANDFORMS;15
70;46;VEGETATION AND HABITATS;34.78260869565217;0.34782608695652173;2.0327461433360376;NOT VALID;3
70;46;VEGETATION AND HABITATS;34.78260869565217;0.34782608695652173;2.0327461433360376;TOWNS AND VILLAGES;1
70;46;VEGETATION AND HABITATS;34.78260869565217;0.34782608695652173;2.0327461433360376;VEGETATION AND HABITATS;16
70;46;VEGETATION AND HABITATS;34.78260869565217;0.34782608695652173;2.0327461433360376;VEHICLE;1
71;34;HERITAGE AND CULTURE;79.41176470588235;0.7941176470588235;0.8553529129344398;COMMERCE FACILITIES;1
71;34;HERITAGE AND CULTURE;79.41176470588235;0.7941176470588235;0.8553529129344398;HERITAGE AND CULTURE;27
71;34;HERITAGE AND CULTURE;79.41176470588235;0.7941176470588235;0.8553529129344398;NOT VALID;6
72;17;PLANTS;100.0;1.0;0.0;PLANTS;17
73;40;HERITAGE AND CULTURE;100.0;1.0;0.0;HERITAGE AND CULTURE;40
74;86;ANIMALS;67.44186046511628;0.6744186046511628;1.2668317940105474;ANIMALS;58
74;86;ANIMALS;67.44186046511628;0.6744186046511628;1.2668317940105474;NOT VALID;20
74;86;ANIMALS;67.44186046511628;0.6744186046511628;1.2668317940105474;PLANTS;2
74;86;ANIMALS;67.44186046511628;0.6744186046511628;1.2668317940105474;VEGETATION AND HABITATS;6
75;60;HERITAGE AND CULTURE;100.0;1.0;0.0;HERITAGE AND CULTURE;60
76;25;PLANTS;100.0;1.0;0.0;PLANTS;25
77;23;HERITAGE AND CULTURE;100.0;1.0;0.0;HERITAGE AND CULTURE;23
78;11;ANIMALS;72.72727272727273;0.7272727272727273;0.8453509366224364;ANIMALS;8
78;11;ANIMALS;72.72727272727273;0.7272727272727273;0.8453509366224364;NOT VALID;3
79;49;HERITAGE AND CULTURE;85.71428571428571;0.8571428571428571;0.7149757169489891;HERITAGE AND CULTURE;42
79;49;HERITAGE AND CULTURE;85.71428571428571;0.8571428571428571;0.7149757169489891;LANDFORMS;2
79;49;HERITAGE AND CULTURE;85.71428571428571;0.8571428571428571;0.7149757169489891;NOT VALID;5
80;38;NOT VALID;71.05263157894737;0.7105263157894737;1.118683103670047;ANIMALS;9
80;38;NOT VALID;71.05263157894737;0.7105263157894737;1.118683103670047;HERITAGE AND CULTURE;1
80;38;NOT VALID;71.05263157894737;0.7105263157894737;1.118683103670047;NOT VALID;27
80;38;NOT VALID;71.05263157894737;0.7105263157894737;1.118683103670047;PLANTS;1
81;22;NOT VALID;68.18181818181817;0.6818181818181818;1.3633800759802648;ANIMALS;3
81;22;NOT VALID;68.18181818181817;0.6818181818181818;1.3633800759802648;NOT VALID;15
81;22;NOT VALID;68.18181818181817;0.6818181818181818;1.3633800759802648;PLANTS;1
81;22;NOT VALID;68.18181818181817;0.6818181818181818;1.3633800759802648;VEGETATION AND HABITATS;3
82;45;HERITAGE AND CULTURE;100.0;1.0;0.0;HERITAGE AND CULTURE;45
83;23;NOT VALID;43.47826086956522;0.43478260869565216;1.4281945908435034;NOT VALID;10
83;23;NOT VALID;43.47826086956522;0.43478260869565216;1.4281945908435034;PLANTS;10
83;23;NOT VALID;43.47826086956522;0.43478260869565216;1.4281945908435034;VEGETATION AND HABITATS;3
84;6;HERITAGE AND CULTURE;100.0;1.0;0.0;HERITAGE AND CULTURE;6
85;60;HERITAGE AND CULTURE;86.66666666666667;0.8666666666666667;0.6937673736095673;HERITAGE AND CULTURE;52
85;60;HERITAGE AND CULTURE;86.66666666666667;0.8666666666666667;0.6937673736095673;NOT VALID;3
85;60;HERITAGE AND CULTURE;86.66666666666667;0.8666666666666667;0.6937673736095673;TOWNS AND VILLAGES;5
86;46;PLANTS;82.6086956521739;0.8260869565217391;0.8511484665965089;LANDFORMS;1
86;46;PLANTS;82.6086956521739;0.8260869565217391;0.8511484665965089;NOT VALID;1
86;46;PLANTS;82.6086956521739;0.8260869565217391;0.8511484665965089;PLANTS;38
86;46;PLANTS;82.6086956521739;0.8260869565217391;0.8511484665965089;VEGETATION AND HABITATS;6
87;10;NOT VALID;90.0;0.9;0.46899559358928117;ANIMALS;1
87;10;NOT VALID;90.0;0.9;0.46899559358928117;NOT VALID;9
88;9;HERITAGE AND CULTURE;100.0;1.0;0.0;HERITAGE AND CULTURE;9
89;10;HERITAGE AND CULTURE;70.0;0.7;0.8812908992306927;HERITAGE AND CULTURE;7
89;10;HERITAGE AND CULTURE;70.0;0.7;0.8812908992306927;NOT VALID;3
90;53;HERITAGE AND CULTURE;98.11320754716981;0.9811320754716981;0.1350362028021276;HERITAGE AND CULTURE;52
90;53;HERITAGE AND CULTURE;98.11320754716981;0.9811320754716981;0.1350362028021276;PLANTS;1
91;80;NOT VALID;37.5;0.375;1.7463952151743867;ANIMALS;3
91;80;NOT VALID;37.5;0.375;1.7463952151743867;NOT VALID;30
91;80;NOT VALID;37.5;0.375;1.7463952151743867;PLANTS;23
91;80;NOT VALID;37.5;0.375;1.7463952151743867;VEGETATION AND HABITATS;24
92;43;LANDFORMS;34.883720930232556;0.3488372093023256;2.390650575165696;BRIDGES;3
92;43;LANDFORMS;34.883720930232556;0.3488372093023256;2.390650575165696;HERITAGE AND CULTURE;11
92;43;LANDFORMS;34.883720930232556;0.3488372093023256;2.390650575165696;LANDFORMS;15
92;43;LANDFORMS;34.883720930232556;0.3488372093023256;2.390650575165696;NOT VALID;6
92;43;LANDFORMS;34.883720930232556;0.3488372093023256;2.390650575165696;VEGETATION AND HABITATS;5
92;43;LANDFORMS;34.883720930232556;0.3488372093023256;2.390650575165696;WATER ACTIVITIES;1
92;43;LANDFORMS;34.883720930232556;0.3488372093023256;2.390650575165696;WIND FARM;2
93;51;HERITAGE AND CULTURE;70.58823529411765;0.7058823529411765;1.2376989134041716;ANIMALS;1
93;51;HERITAGE AND CULTURE;70.58823529411765;0.7058823529411765;1.2376989134041716;HERITAGE AND CULTURE;36
93;51;HERITAGE AND CULTURE;70.58823529411765;0.7058823529411765;1.2376989134041716;NOT VALID;11
93;51;HERITAGE AND CULTURE;70.58823529411765;0.7058823529411765;1.2376989134041716;VEGETATION AND HABITATS;2
93;51;HERITAGE AND CULTURE;70.58823529411765;0.7058823529411765;1.2376989134041716;WATER ACTIVITIES;1
94;25;HERITAGE AND CULTURE;100.0;1.0;0.0;HERITAGE AND CULTURE;25
95;53;HERITAGE AND CULTURE;98.11320754716981;0.9811320754716981;0.1350362028021276;ANIMALS;1
95;53;HERITAGE AND CULTURE;98.11320754716981;0.9811320754716981;0.1350362028021276;HERITAGE AND CULTURE;52
96;26;HERITAGE AND CULTURE;100.0;1.0;0.0;HERITAGE AND CULTURE;26
97;61;HERITAGE AND CULTURE;96.72131147540983;0.9672131147540983;0.20818094555717104;HERITAGE AND CULTURE;59
97;61;HERITAGE AND CULTURE;96.72131147540983;0.9672131147540983;0.20818094555717104;NOT VALID;2
98;40;VEGETATION AND HABITATS;52.5;0.525;1.278789740397119;HERITAGE AND CULTURE;17
98;40;VEGETATION AND HABITATS;52.5;0.525;1.278789740397119;PLANTS;1
98;40;VEGETATION AND HABITATS;52.5;0.525;1.278789740397119;TRACKS AND TRAILS;1
98;40;VEGETATION AND HABITATS;52.5;0.525;1.278789740397119;VEGETATION AND HABITATS;21
99;50;HERITAGE AND CULTURE;90.0;0.9;0.5411884030780175;ACCOMMODATION;4
99;50;HERITAGE AND CULTURE;90.0;0.9;0.5411884030780175;HERITAGE AND CULTURE;45
99;50;HERITAGE AND CULTURE;90.0;0.9;0.5411884030780175;NOT VALID;1
100;22;HERITAGE AND CULTURE;72.72727272727273;0.7272727272727273;1.1867043459100248;HERITAGE AND CULTURE;16
100;22;HERITAGE AND CULTURE;72.72727272727273;0.7272727272727273;1.1867043459100248;PLANTS;1
100;22;HERITAGE AND CULTURE;72.72727272727273;0.7272727272727273;1.1867043459100248;ROADS;1
100;22;HERITAGE AND CULTURE;72.72727272727273;0.7272727272727273;1.1867043459100248;VEGETATION AND HABITATS;4
101;31;PLANTS;38.70967741935484;0.3870967741935484;1.7740971872258726;ANIMALS;2
101;31;PLANTS;38.70967741935484;0.3870967741935484;1.7740971872258726;NOT VALID;6
101;31;PLANTS;38.70967741935484;0.3870967741935484;1.7740971872258726;PLANTS;12
101;31;PLANTS;38.70967741935484;0.3870967741935484;1.7740971872258726;VEGETATION AND HABITATS;11
102;5;HERITAGE AND CULTURE;100.0;1.0;0.0;HERITAGE AND CULTURE;5
103;28;NOT VALID;82.14285714285714;0.8214285714285714;0.8058576010107721;ANIMALS;4
103;28;NOT VALID;82.14285714285714;0.8214285714285714;0.8058576010107721;NOT VALID;23
103;28;NOT VALID;82.14285714285714;0.8214285714285714;0.8058576010107721;PLANTS;1
104;43;NOT VALID;34.883720930232556;0.3488372093023256;1.8282423558623777;ANIMALS;14
104;43;NOT VALID;34.883720930232556;0.3488372093023256;1.8282423558623777;NOT VALID;15
104;43;NOT VALID;34.883720930232556;0.3488372093023256;1.8282423558623777;PLANTS;11
104;43;NOT VALID;34.883720930232556;0.3488372093023256;1.8282423558623777;VEGETATION AND HABITATS;3
105;43;HERITAGE AND CULTURE;93.02325581395348;0.9302325581395349;0.3650551896402849;HERITAGE AND CULTURE;40
105;43;HERITAGE AND CULTURE;93.02325581395348;0.9302325581395349;0.3650551896402849;NOT VALID;3
106;38;HERITAGE AND CULTURE;100.0;1.0;0.0;HERITAGE AND CULTURE;38
107;24;HERITAGE AND CULTURE;95.83333333333334;0.9583333333333334;0.24988229283318544;HERITAGE AND CULTURE;23
107;24;HERITAGE AND CULTURE;95.83333333333334;0.9583333333333334;0.24988229283318544;VEGETATION AND HABITATS;1
108;47;HERITAGE AND CULTURE;100.0;1.0;0.0;HERITAGE AND CULTURE;47
109;46;HERITAGE AND CULTURE;76.08695652173914;0.7608695652173914;1.1160796399277206;HERITAGE AND CULTURE;35
109;46;HERITAGE AND CULTURE;76.08695652173914;0.7608695652173914;1.1160796399277206;NOT VALID;5
109;46;HERITAGE AND CULTURE;76.08695652173914;0.7608695652173914;1.1160796399277206;TOWNS AND VILLAGES;5
109;46;HERITAGE AND CULTURE;76.08695652173914;0.7608695652173914;1.1160796399277206;VEGETATION AND HABITATS;1
110;54;HERITAGE AND CULTURE;100.0;1.0;0.0;HERITAGE AND CULTURE;54
111;43;HERITAGE AND CULTURE;95.34883720930233;0.9534883720930233;0.31790121541508787;HERITAGE AND CULTURE;41
111;43;HERITAGE AND CULTURE;95.34883720930233;0.9534883720930233;0.31790121541508787;NOT VALID;1
111;43;HERITAGE AND CULTURE;95.34883720930233;0.9534883720930233;0.31790121541508787;TRACKS AND TRAILS;1
112;62;NOT VALID;83.87096774193549;0.8387096774193549;0.7538275145266042;NOT VALID;52
112;62;NOT VALID;83.87096774193549;0.8387096774193549;0.7538275145266042;PLANTS;8
112;62;NOT VALID;83.87096774193549;0.8387096774193549;0.7538275145266042;VEGETATION AND HABITATS;2
113;11;VEGETATION AND HABITATS;36.36363636363637;0.36363636363636365;2.1180782093497093;BRIDGES;1
113;11;VEGETATION AND HABITATS;36.36363636363637;0.36363636363636365;2.1180782093497093;HERITAGE AND CULTURE;3
113;11;VEGETATION AND HABITATS;36.36363636363637;0.36363636363636365;2.1180782093497093;LANDFORMS;2
113;11;VEGETATION AND HABITATS;36.36363636363637;0.36363636363636365;2.1180782093497093;NOT VALID;1
113;11;VEGETATION AND HABITATS;36.36363636363637;0.36363636363636365;2.1180782093497093;VEGETATION AND HABITATS;4
114;34;HERITAGE AND CULTURE;97.05882352941177;0.9705882352941176;0.19143325481419346;HERITAGE AND CULTURE;33
114;34;HERITAGE AND CULTURE;97.05882352941177;0.9705882352941176;0.19143325481419346;VEGETATION AND HABITATS;1
115;26;HERITAGE AND CULTURE;50.0;0.5;1.5725552071907913;HERITAGE AND CULTURE;13
115;26;HERITAGE AND CULTURE;50.0;0.5;1.5725552071907913;LANDFORMS;1
115;26;HERITAGE AND CULTURE;50.0;0.5;1.5725552071907913;LIGHTHOUSE;1
115;26;HERITAGE AND CULTURE;50.0;0.5;1.5725552071907913;NOT VALID;10
115;26;HERITAGE AND CULTURE;50.0;0.5;1.5725552071907913;WATER ACTIVITIES;1
116;23;HERITAGE AND CULTURE;95.65217391304348;0.9565217391304348;0.2580186686648155;HERITAGE AND CULTURE;22
116;23;HERITAGE AND CULTURE;95.65217391304348;0.9565217391304348;0.2580186686648155;NOT VALID;1
117;33;PLANTS;81.81818181818183;0.8181818181818182;0.9116073751641004;NOT VALID;1
117;33;PLANTS;81.81818181818183;0.8181818181818182;0.9116073751641004;PLANTS;27
117;33;PLANTS;81.81818181818183;0.8181818181818182;0.9116073751641004;VEGETATION AND HABITATS;4
117;33;PLANTS;81.81818181818183;0.8181818181818182;0.9116073751641004;WATER ACTIVITIES;1
118;54;HERITAGE AND CULTURE;100.0;1.0;0.0;HERITAGE AND CULTURE;54
119;18;PLANTS;77.77777777777779;0.7777777777777778;0.9444885341662054;NOT VALID;1
119;18;PLANTS;77.77777777777779;0.7777777777777778;0.9444885341662054;PLANTS;14
119;18;PLANTS;77.77777777777779;0.7777777777777778;0.9444885341662054;VEGETATION AND HABITATS;3
120;15;HERITAGE AND CULTURE;100.0;1.0;0.0;HERITAGE AND CULTURE;15
121;10;HERITAGE AND CULTURE;90.0;0.9;0.46899559358928117;AIR ACTIVITIES;1
121;10;HERITAGE AND CULTURE;90.0;0.9;0.46899559358928117;HERITAGE AND CULTURE;9
122;36;ANIMALS;44.44444444444444;0.4444444444444444;1.6512851552462817;ANIMALS;16
122;36;ANIMALS;44.44444444444444;0.4444444444444444;1.6512851552462817;HERITAGE AND CULTURE;1
122;36;ANIMALS;44.44444444444444;0.4444444444444444;1.6512851552462817;NOT VALID;12
122;36;ANIMALS;44.44444444444444;0.4444444444444444;1.6512851552462817;VEGETATION AND HABITATS;7
123;26;HERITAGE AND CULTURE;53.84615384615385;0.5384615384615384;1.1867198445327565;HERITAGE AND CULTURE;14
123;26;HERITAGE AND CULTURE;53.84615384615385;0.5384615384615384;1.1867198445327565;NOT VALID;1
123;26;HERITAGE AND CULTURE;53.84615384615385;0.5384615384615384;1.1867198445327565;VEGETATION AND HABITATS;11
124;32;PLANTS;90.625;0.90625;0.4488644887230295;PLANTS;29
124;32;PLANTS;90.625;0.90625;0.4488644887230295;VEGETATION AND HABITATS;3
125;57;VEGETATION AND HABITATS;40.35087719298245;0.40350877192982454;2.0872240186980022;AIR ACTIVITIES;1
125;57;VEGETATION AND HABITATS;40.35087719298245;0.40350877192982454;2.0872240186980022;HERITAGE AND CULTURE;17
125;57;VEGETATION AND HABITATS;40.35087719298245;0.40350877192982454;2.0872240186980022;LANDFORMS;10
125;57;VEGETATION AND HABITATS;40.35087719298245;0.40350877192982454;2.0872240186980022;NOT VALID;3
125;57;VEGETATION AND HABITATS;40.35087719298245;0.40350877192982454;2.0872240186980022;PLANTS;2
125;57;VEGETATION AND HABITATS;40.35087719298245;0.40350877192982454;2.0872240186980022;TOWNS AND VILLAGES;1
125;57;VEGETATION AND HABITATS;40.35087719298245;0.40350877192982454;2.0872240186980022;VEGETATION AND HABITATS;23
126;50;HERITAGE AND CULTURE;80.0;0.8;0.9063137138648348;HERITAGE AND CULTURE;40
126;50;HERITAGE AND CULTURE;80.0;0.8;0.9063137138648348;ROADS;1
126;50;HERITAGE AND CULTURE;80.0;0.8;0.9063137138648348;TOWNS AND VILLAGES;8
126;50;HERITAGE AND CULTURE;80.0;0.8;0.9063137138648348;VEHICLE;1
127;35;VEGETATION AND HABITATS;42.857142857142854;0.42857142857142855;1.9400570471512049;HERITAGE AND CULTURE;4
127;35;VEGETATION AND HABITATS;42.857142857142854;0.42857142857142855;1.9400570471512049;NOT VALID;2
127;35;VEGETATION AND HABITATS;42.857142857142854;0.42857142857142855;1.9400570471512049;PLANTS;1
127;35;VEGETATION AND HABITATS;42.857142857142854;0.42857142857142855;1.9400570471512049;ROADS;12
127;35;VEGETATION AND HABITATS;42.857142857142854;0.42857142857142855;1.9400570471512049;VEGETATION AND HABITATS;15
127;35;VEGETATION AND HABITATS;42.857142857142854;0.42857142857142855;1.9400570471512049;VEHICLE;1
